avatar_name,language,city,date,mobile
turtles4101,romanian,copenhagen,39,0
turtles4101,romanian,copenhagen,18,1
turtles4101,romanian,copenhagen,10,1
turtles4106,cypriot,valletta,43,0
turtles4106,cypriot,valletta,5,1
turtles4106,maltese,valletta,3,1
turtles4116,french,sofia,30,0
turtles4116,french,sofia,23,1
turtles4116,french,sofia,14,1
turtles4121,maltese,amsterdam,38,0
turtles4121,maltese,amsterdam,1,0
turtles4126,danish,copenhagen,43,0
turtles4126,danish,copenhagen,24,0
turtles4126,danish,copenhagen,13,1
turtles4131,slovakian,amsterdam,18,0
turtles4131,slovakian,amsterdam,14,1
turtles4136,finnish,vilnius,40,1
turtles4136,finnish,paris,39,1
turtles4136,finnish,vilnius,15,0
turtles4141,polish,amsterdam,36,1
turtles4141,polish,paris,33,1
turtles4141,polish,paris,13,1
turtles4146,irish,sofia,18,0
turtles4146,irish,sofia,15,1
turtles4146,irish,sofia,3,0
turtles4112,luxembourgish,valletta,18,1
turtles4112,austrian,valletta,9,0
turtles4122,romanian,paris,36,0
turtles4122,romanian,paris,18,1
turtles4122,romanian,paris,3,1
turtles4127,latvian,copenhagen,40,0
turtles4127,latvian,copenhagen,20,1
turtles4127,latvian,copenhagen,10,0
turtles4132,polish,rome,23,1
turtles4132,polish,rome,4,0
turtles4142,slovakian,amsterdam,40,0
turtles4142,slovakian,amsterdam,23,0
turtles4142,slovakian,amsterdam,9,1
turtles4147,german,sofia,20,1
turtles4147,german,sofia,10,0
turtles4147,german,sofia,3,0
turtles4152,greek,valletta,41,0
turtles4152,greek,valletta,32,1
turtles4162,finnish,amsterdam,36,1
turtles4162,finnish,amsterdam,34,0
turtles4162,finnish,amsterdam,3,0
turtles4172,latvian,valletta,40,0
turtles4172,latvian,valletta,12,0
turtles4177,lithuanian,copenhagen,43,1
turtles4177,lithuanian,copenhagen,26,1
turtles4177,lithuanian,copenhagen,5,0
turtles4182,slovene,amsterdam,40,0
turtles4182,slovene,amsterdam,39,1
turtles4187,irish,sofia,18,1
turtles4187,irish,sofia,9,0
turtles4202,greek,vilnius,21,0
turtles4202,greek,vilnius,15,0
turtles4202,greek,vilnius,0,1
turtles4207,german,amsterdam,30,1
turtles4207,german,amsterdam,29,0
turtles4207,german,amsterdam,5,0
turtles4212,italian,copenhagen,28,0
turtles4212,italian,copenhagen,14,1
turtles4212,italian,copenhagen,4,0
turtles4222,maltese,valletta,41,0
turtles4222,maltese,valletta,31,0
turtles4227,slovene,vienna,33,0
turtles4227,slovene,vienna,14,1
turtles4242,swedish,sofia,31,1
turtles4242,swedish,sofia,29,0
turtles4252,luxembourgish,amsterdam,18,1
turtles4252,luxembourgish,amsterdam,6,1
turtles4108,estonian,madrid,32,1
turtles4108,estonian,madrid,29,0
turtles4108,estonian,madrid,18,0
turtles4113,czech,paris,37,1
turtles4113,czech,paris,13,0
turtles4113,czech,paris,5,1
turtles4128,estonian,paris,21,0
turtles4128,estonian,paris,9,0
turtles4133,cypriot,copenhagen,37,1
turtles4133,cypriot,copenhagen,13,0
turtles4143,polish,sofia,32,1
turtles4143,polish,sofia,22,1
turtles4143,polish,sofia,18,0
turtles4148,belgian,madrid,39,1
turtles4148,belgian,madrid,32,0
turtles4148,belgian,madrid,20,0
turtles4163,danish,vienna,43,0
turtles4163,danish,vienna,25,1
turtles4163,danish,vienna,24,0
turtles4183,lithuanian,madrid,14,1
turtles4183,lithuanian,madrid,14,0
turtles4183,lithuanian,madrid,11,1
turtles4188,danish,amsterdam,22,0
turtles4188,danish,amsterdam,6,0
turtles4188,dutch,amsterdam,0,0
turtles4198,croatian,vilnius,24,0
turtles4198,croatian,vilnius,1,0
turtles4198,croatian,vilnius,1,0
turtles4203,austrian,copenhagen,14,0
turtles4203,austrian,copenhagen,11,0
turtles4208,bulgarian,copenhagen,26,0
turtles4208,bulgarian,copenhagen,22,0
turtles4213,romanian,vilnius,40,0
turtles4213,romanian,vilnius,24,1
turtles4218,luxembourgish,paris,26,1
turtles4218,luxembourgish,paris,19,1
turtles4223,maltese,valletta,36,1
turtles4223,slovakian,valletta,24,1
turtles4228,finnish,copenhagen,41,1
turtles4228,finnish,copenhagen,17,1
turtles4228,finnish,copenhagen,10,0
turtles4233,lithuanian,sofia,37,0
turtles4233,lithuanian,vilnius,21,0
turtles4233,lithuanian,sofia,2,1
turtles4253,greek,madrid,11,0
turtles4253,greek,madrid,4,0
turtles4253,greek,madrid,3,1
turtles4258,austrian,madrid,19,0
turtles4258,austrian,madrid,1,1
turtles4263,maltese,sofia,41,1
turtles4263,maltese,sofia,20,0
turtles4263,maltese,sofia,19,0
turtles4109,estonian,valletta,43,0
turtles4109,estonian,valletta,17,0
turtles4109,estonian,valletta,10,1
turtles4114,finnish,paris,42,0
turtles4114,finnish,paris,38,1
turtles4114,finnish,paris,30,0
turtles4119,irish,paris,43,0
turtles4119,irish,paris,36,0
turtles4119,irish,paris,29,0
turtles4124,slovene,rome,37,1
turtles4124,slovene,rome,37,0
turtles4139,hungarian,paris,36,0
turtles4139,hungarian,paris,7,1
turtles4144,belgian,vilnius,32,0
turtles4144,belgian,vilnius,14,1
turtles4149,danish,rome,14,1
turtles4149,danish,rome,9,0
turtles4149,danish,rome,2,1
turtles4154,slovene,sofia,32,1
turtles4154,slovene,sofia,28,1
turtles4154,slovene,sofia,28,0
turtles4159,italian,copenhagen,34,1
turtles4159,italian,copenhagen,32,1
turtles4164,portuguese,madrid,17,0
turtles4164,portuguese,madrid,16,0
turtles4164,portuguese,madrid,7,0
turtles4174,polish,madrid,15,1
turtles4174,polish,madrid,14,1
turtles4174,polish,madrid,11,1
turtles4189,lithuanian,valletta,32,0
turtles4189,lithuanian,valletta,28,1
turtles4189,lithuanian,valletta,21,1
turtles4199,swedish,rome,28,1
turtles4199,swedish,rome,12,1
turtles4204,czech,amsterdam,36,1
turtles4204,czech,amsterdam,36,0
turtles4204,czech,amsterdam,34,1
turtles4209,romanian,vilnius,18,1
turtles4209,romanian,vilnius,15,0
turtles4219,greek,madrid,30,0
turtles4219,greek,madrid,14,1
turtles4224,irish,madrid,13,1
turtles4224,irish,madrid,3,1
turtles4239,portuguese,valletta,33,0
turtles4239,portuguese,rome,21,0
turtles4244,czech,vilnius,42,1
turtles4244,czech,vilnius,26,1
turtles4244,czech,vilnius,7,1
turtles4249,swedish,amsterdam,43,0
turtles4249,swedish,amsterdam,23,0
turtles4100,latvian,rome,40,0
turtles4100,latvian,rome,31,0
turtles4110,italian,copenhagen,34,0
turtles4110,italian,copenhagen,32,1
turtles4110,italian,copenhagen,32,1
turtles4115,polish,vienna,36,0
turtles4115,polish,vienna,8,0
turtles4125,spanish,copenhagen,42,1
turtles4125,spanish,copenhagen,40,0
turtles4125,spanish,copenhagen,15,0
turtles4130,bulgarian,vienna,24,0
turtles4130,bulgarian,vienna,12,1
turtles4130,bulgarian,vienna,0,0
turtles4135,german,vilnius,38,1
turtles4135,german,vilnius,7,1
turtles4165,latvian,madrid,29,1
turtles4165,latvian,madrid,23,1
turtles4165,spanish,madrid,8,0
turtles4175,maltese,valletta,35,1
turtles4175,maltese,valletta,21,0
turtles4175,maltese,amsterdam,15,1
turtles4190,swedish,amsterdam,39,0
turtles4190,swedish,amsterdam,27,0
turtles4195,dutch,rome,20,0
turtles4195,dutch,rome,10,0
turtles4210,cypriot,valletta,41,1
turtles4210,cypriot,valletta,18,1
turtles4210,cypriot,valletta,8,1
turtles4215,swedish,vilnius,20,1
turtles4215,swedish,vilnius,5,0
turtles4220,polish,vienna,16,1
turtles4220,polish,vienna,15,1
turtles4225,lithuanian,vilnius,40,1
turtles4225,lithuanian,vilnius,38,0
turtles4225,lithuanian,vilnius,5,1
turtles4230,spanish,amsterdam,14,1
turtles4230,spanish,amsterdam,13,1
turtles4230,spanish,amsterdam,2,0
turtles4235,maltese,madrid,33,0
turtles4235,maltese,madrid,26,1
turtles4240,slovakian,paris,17,1
turtles4240,slovakian,paris,2,0
turtles4245,dutch,copenhagen,42,1
turtles4245,danish,copenhagen,12,1
turtles4245,dutch,copenhagen,12,0
turtles4260,maltese,sofia,26,1
turtles4260,maltese,sofia,25,1
turtles4260,maltese,sofia,17,0
turtles4290,hungarian,rome,30,1
turtles4290,hungarian,rome,9,0
turtles4290,hungarian,rome,6,1
turtles4295,danish,amsterdam,30,1
turtles4295,danish,amsterdam,26,1
turtles4300,luxembourgish,madrid,41,0
turtles4300,luxembourgish,madrid,30,1
turtles4300,luxembourgish,madrid,23,1
turtles4176,bulgarian,copenhagen,41,1
turtles4176,bulgarian,copenhagen,11,0
turtles4181,croatian,rome,38,0
turtles4181,croatian,rome,18,1
turtles4186,estonian,madrid,43,0
turtles4186,estonian,amsterdam,26,1
turtles4201,danish,rome,35,0
turtles4201,danish,rome,12,1
turtles4206,finnish,copenhagen,4,1
turtles4206,finnish,copenhagen,3,1
turtles4211,german,amsterdam,21,1
turtles4211,german,amsterdam,5,0
turtles4216,swedish,vienna,14,1
turtles4216,swedish,vienna,6,0
turtles4221,luxembourgish,rome,32,1
turtles4221,luxembourgish,rome,14,0
turtles4221,luxembourgish,rome,8,1
turtles4226,italian,madrid,3,0
turtles4226,italian,madrid,1,1
turtles4231,italian,vienna,32,1
turtles4231,italian,vienna,22,0
turtles4231,italian,rome,7,0
turtles4241,irish,amsterdam,20,0
turtles4241,irish,amsterdam,13,1
turtles4241,irish,amsterdam,10,1
turtles4246,french,vienna,32,0
turtles4246,french,vienna,28,0
turtles4256,polish,madrid,26,1
turtles4256,polish,madrid,8,1
turtles4261,austrian,vienna,30,0
turtles4261,austrian,vienna,25,1
turtles4261,austrian,vienna,7,1
turtles4266,spanish,vienna,35,0
turtles4266,spanish,vienna,1,1
turtles4276,estonian,valletta,25,0
turtles4276,estonian,valletta,23,1
turtles4276,estonian,valletta,2,1
turtles4286,german,paris,29,1
turtles4286,german,paris,3,0
turtles4286,german,paris,1,0
turtles4291,lithuanian,paris,39,0
turtles4291,lithuanian,paris,23,1
turtles4291,lithuanian,paris,2,1
turtles4301,romanian,rome,40,1
turtles4301,romanian,rome,15,1
turtles4301,romanian,rome,11,1
turtles4316,bulgarian,vienna,41,1
turtles4316,bulgarian,vienna,17,0
turtles4326,croatian,madrid,41,0
turtles4326,croatian,sofia,13,0
turtles4336,latvian,madrid,20,0
turtles4336,latvian,madrid,14,0
turtles4336,latvian,madrid,8,1
turtles4341,maltese,copenhagen,41,1
turtles4341,danish,copenhagen,17,1
turtles4341,maltese,copenhagen,10,1
turtles4346,croatian,copenhagen,17,1
turtles4346,croatian,copenhagen,8,0
turtles4351,belgian,vilnius,33,1
turtles4351,belgian,vilnius,26,1
turtles4356,lithuanian,paris,19,0
turtles4356,lithuanian,paris,18,1
turtles4356,lithuanian,paris,5,0
turtles4361,slovene,vilnius,34,0
turtles4361,slovene,vilnius,15,0
turtles4366,latvian,rome,39,0
turtles4366,latvian,rome,36,1
turtles4366,latvian,rome,5,1
turtles4371,italian,copenhagen,40,1
turtles4371,italian,copenhagen,33,1
turtles4376,portuguese,rome,28,0
turtles4376,portuguese,rome,4,1
turtles4386,latvian,vienna,15,0
turtles4386,latvian,vienna,7,0
turtles4386,latvian,vienna,2,1
turtles4391,spanish,paris,40,0
turtles4391,spanish,paris,29,0
turtles4391,spanish,paris,2,1
turtles4396,czech,madrid,27,1
turtles4396,czech,madrid,20,1
turtles4401,greek,amsterdam,8,0
turtles4401,greek,amsterdam,4,1
turtles4401,greek,amsterdam,1,0
turtles4406,swedish,vilnius,38,1
turtles4406,swedish,vilnius,16,1
turtles4411,belgian,copenhagen,39,1
turtles4411,belgian,rome,24,0
turtles4416,greek,amsterdam,40,0
turtles4416,greek,amsterdam,7,0
turtles4421,irish,valletta,40,0
turtles4421,irish,valletta,39,1
turtles4421,irish,valletta,20,1
turtles4431,irish,vilnius,34,0
turtles4431,irish,vilnius,3,1
turtles4436,danish,valletta,42,1
turtles4436,danish,valletta,6,1
turtles4436,danish,valletta,3,0
turtles4446,croatian,rome,39,1
turtles4446,croatian,rome,27,1
turtles4456,belgian,copenhagen,35,0
turtles4456,belgian,copenhagen,20,1
turtles4466,finnish,paris,32,1
turtles4466,finnish,paris,23,0
turtles4466,finnish,paris,16,0
turtles4471,maltese,paris,17,0
turtles4471,maltese,paris,13,0
turtles4476,austrian,sofia,13,1
turtles4476,austrian,sofia,11,1
turtles4476,austrian,sofia,6,0
turtles4481,irish,sofia,40,1
turtles4481,irish,sofia,15,0
turtles4486,polish,paris,10,1
turtles4486,polish,paris,2,0
turtles4486,polish,paris,2,0
turtles4496,french,sofia,18,0
turtles4496,french,sofia,18,1
turtles4501,french,sofia,40,1
turtles4501,french,sofia,36,0
turtles4501,french,sofia,24,1
turtles4511,lithuanian,rome,26,1
turtles4511,lithuanian,rome,23,1
turtles4511,lithuanian,rome,3,1
turtles4516,swedish,copenhagen,43,0
turtles4516,swedish,copenhagen,37,1
turtles4516,swedish,copenhagen,33,1
turtles4521,german,vienna,27,1
turtles4521,german,vienna,5,1
turtles4536,slovakian,valletta,23,0
turtles4536,slovakian,valletta,18,0
turtles4536,slovakian,valletta,4,1
turtles4541,estonian,paris,42,1
turtles4541,estonian,paris,42,1
turtles4546,danish,sofia,21,1
turtles4546,danish,sofia,19,1
turtles4551,danish,copenhagen,31,0
turtles4551,danish,copenhagen,27,1
turtles4551,danish,copenhagen,23,0
turtles4556,romanian,amsterdam,39,1
turtles4556,romanian,amsterdam,18,0
turtles4561,greek,valletta,42,1
turtles4561,greek,valletta,35,1
turtles4566,swedish,sofia,38,0
turtles4566,swedish,sofia,32,0
turtles4571,czech,paris,18,0
turtles4571,czech,paris,2,1
turtles4581,french,paris,38,1
turtles4581,french,paris,1,0
turtles4591,dutch,rome,42,1
turtles4591,dutch,rome,3,1
turtles4596,french,vilnius,34,1
turtles4596,french,vilnius,30,0
turtles4596,belgian,vilnius,1,1
turtles4611,latvian,madrid,43,0
turtles4611,latvian,madrid,25,1
turtles4611,spanish,madrid,23,0
turtles4616,belgian,madrid,32,1
turtles4616,belgian,madrid,8,0
turtles4626,polish,sofia,35,1
turtles4626,polish,sofia,25,1
turtles4626,polish,sofia,2,1
turtles4631,finnish,vilnius,42,1
turtles4631,finnish,vilnius,37,1
turtles4631,finnish,vilnius,29,1
turtles4636,french,paris,25,0
turtles4636,italian,valletta,21,0
turtles4636,italian,paris,13,1
turtles4641,danish,paris,2,1
turtles4641,danish,paris,0,0
turtles4646,romanian,vienna,28,0
turtles4646,romanian,vienna,27,1
turtles4651,finnish,madrid,33,1
turtles4651,finnish,madrid,30,0
turtles4656,german,madrid,14,0
turtles4656,german,madrid,5,1
turtles4661,polish,copenhagen,38,1
turtles4661,polish,copenhagen,38,1
turtles4661,polish,copenhagen,15,1
turtles4676,german,vilnius,42,0
turtles4676,german,vilnius,34,1
turtles4676,german,vilnius,29,0
turtles4691,finnish,rome,38,0
turtles4691,finnish,rome,16,0
turtles4696,spanish,rome,25,1
turtles4696,spanish,rome,9,0
turtles4711,portuguese,paris,31,0
turtles4711,portuguese,paris,31,0
turtles4731,swedish,vienna,27,0
turtles4731,swedish,vienna,5,1
turtles4736,polish,vienna,30,0
turtles4736,polish,vienna,21,1
turtles4736,polish,vienna,2,1
turtles4746,bulgarian,amsterdam,30,1
turtles4746,bulgarian,amsterdam,0,1
turtles4761,croatian,vienna,40,0
turtles4761,croatian,vienna,27,0
turtles4257,romanian,amsterdam,34,0
turtles4257,romanian,amsterdam,29,1
turtles4257,romanian,amsterdam,1,0
turtles4267,finnish,paris,21,0
turtles4267,finnish,paris,3,0
turtles4272,irish,madrid,13,0
turtles4272,irish,madrid,3,0
turtles4277,finnish,sofia,30,1
turtles4277,finnish,sofia,29,1
turtles4277,finnish,sofia,12,0
turtles4287,croatian,sofia,35,1
turtles4287,croatian,sofia,8,0
turtles4287,croatian,sofia,6,1
turtles4292,french,paris,34,1
turtles4292,french,paris,16,1
turtles4292,french,paris,15,0
turtles4307,italian,copenhagen,43,0
turtles4307,italian,copenhagen,39,0
turtles4307,italian,copenhagen,15,1
turtles4322,latvian,amsterdam,39,1
turtles4322,latvian,amsterdam,25,0
turtles4322,latvian,amsterdam,0,0
turtles4327,danish,valletta,35,0
turtles4327,danish,valletta,1,0
turtles4337,swedish,madrid,28,0
turtles4337,swedish,madrid,26,0
turtles4337,swedish,madrid,22,0
turtles4367,luxembourgish,vienna,12,1
turtles4367,luxembourgish,copenhagen,11,1
turtles4372,german,madrid,26,1
turtles4372,german,madrid,2,1
turtles4387,estonian,madrid,30,0
turtles4387,estonian,madrid,28,1
turtles4387,estonian,madrid,3,0
turtles4392,lithuanian,vilnius,32,1
turtles4392,lithuanian,vilnius,7,1
turtles4392,lithuanian,vilnius,5,0
turtles4397,italian,amsterdam,42,0
turtles4397,italian,amsterdam,40,1
turtles4397,italian,amsterdam,12,1
turtles4402,spanish,madrid,37,1
turtles4402,italian,madrid,21,1
turtles4402,italian,madrid,7,0
turtles4407,slovene,vienna,21,1
turtles4407,slovene,vienna,10,1
turtles4412,irish,paris,22,1
turtles4412,irish,paris,22,1
turtles4412,irish,paris,9,0
turtles4422,finnish,vilnius,26,1
turtles4422,finnish,vilnius,16,0
turtles4427,irish,sofia,10,1
turtles4427,irish,sofia,10,1
turtles4432,bulgarian,vienna,19,1
turtles4432,bulgarian,vienna,16,1
turtles4432,bulgarian,vienna,12,1
turtles4437,finnish,paris,39,0
turtles4437,finnish,paris,25,1
turtles4437,finnish,paris,14,1
turtles4442,polish,paris,22,0
turtles4442,polish,paris,18,1
turtles4447,lithuanian,madrid,43,1
turtles4447,lithuanian,madrid,13,0
turtles4447,lithuanian,madrid,13,1
turtles4457,maltese,amsterdam,32,1
turtles4457,maltese,amsterdam,17,1
turtles4462,spanish,paris,18,1
turtles4462,spanish,paris,6,0
turtles4462,spanish,paris,0,1
turtles4472,belgian,paris,38,1
turtles4472,belgian,paris,19,0
turtles4477,german,vilnius,40,0
turtles4477,german,vilnius,23,1
turtles4477,german,vilnius,12,0
turtles4487,swedish,copenhagen,15,0
turtles4487,swedish,copenhagen,4,0
turtles4492,bulgarian,valletta,34,0
turtles4492,bulgarian,valletta,19,1
turtles4492,bulgarian,valletta,15,0
turtles4497,cypriot,vilnius,31,0
turtles4497,cypriot,vilnius,27,1
turtles4517,greek,copenhagen,13,0
turtles4517,greek,copenhagen,4,1
turtles4522,austrian,vienna,37,1
turtles4522,austrian,vienna,7,1
turtles4527,polish,amsterdam,39,1
turtles4527,polish,amsterdam,38,1
turtles4527,polish,amsterdam,14,1
turtles4532,cypriot,vienna,27,0
turtles4532,cypriot,vienna,25,1
turtles4537,slovakian,paris,17,0
turtles4537,slovakian,paris,5,1
turtles4542,italian,sofia,36,1
turtles4542,italian,sofia,32,0
turtles4542,italian,sofia,26,0
turtles4552,spanish,vilnius,40,1
turtles4552,spanish,vilnius,17,1
turtles4552,spanish,vilnius,14,1
turtles4562,bulgarian,valletta,39,1
turtles4562,bulgarian,valletta,31,0
turtles4562,bulgarian,valletta,18,0
turtles4567,romanian,rome,33,1
turtles4567,romanian,rome,31,1
turtles4567,romanian,rome,11,0
turtles4572,french,sofia,23,0
turtles4572,french,sofia,1,1
turtles4577,danish,rome,31,0
turtles4577,danish,rome,14,1
turtles4577,danish,rome,11,1
turtles4582,swedish,copenhagen,19,1
turtles4582,swedish,copenhagen,13,0
turtles4582,swedish,copenhagen,9,1
turtles4587,slovakian,copenhagen,26,0
turtles4587,slovakian,copenhagen,22,1
turtles4587,slovakian,copenhagen,14,0
turtles4597,finnish,sofia,42,0
turtles4597,finnish,sofia,34,0
turtles4602,polish,madrid,33,0
turtles4602,polish,madrid,21,1
turtles4602,polish,madrid,11,1
turtles4607,belgian,rome,41,0
turtles4607,belgian,rome,24,1
turtles4607,belgian,rome,2,1
turtles4612,luxembourgish,copenhagen,30,0
turtles4612,luxembourgish,copenhagen,23,1
turtles4612,luxembourgish,copenhagen,13,0
turtles4617,estonian,amsterdam,29,0
turtles4617,estonian,amsterdam,20,1
turtles4622,luxembourgish,madrid,37,0
turtles4622,luxembourgish,madrid,24,0
turtles4622,luxembourgish,madrid,19,0
turtles4627,portuguese,copenhagen,18,1
turtles4627,portuguese,paris,2,1
turtles4632,czech,vilnius,34,1
turtles4632,czech,vilnius,25,0
turtles4632,czech,vilnius,6,1
turtles4637,hungarian,madrid,43,0
turtles4637,hungarian,madrid,18,1
turtles4637,hungarian,madrid,10,0
turtles4642,swedish,sofia,33,0
turtles4642,swedish,vilnius,27,1
turtles4647,slovakian,copenhagen,37,1
turtles4647,slovakian,copenhagen,16,1
turtles4647,slovakian,copenhagen,16,0
turtles4652,cypriot,paris,34,1
turtles4652,cypriot,paris,22,1
turtles4652,cypriot,paris,1,1
turtles4657,polish,copenhagen,38,1
turtles4657,danish,copenhagen,34,1
turtles4657,polish,copenhagen,17,0
turtles4662,german,vienna,38,1
turtles4662,german,vienna,37,0
turtles4662,german,vienna,5,0
turtles4667,slovakian,madrid,19,1
turtles4667,slovakian,madrid,5,0
turtles4667,slovakian,madrid,4,1
turtles4672,portuguese,copenhagen,21,0
turtles4672,danish,copenhagen,0,0
turtles4677,latvian,vilnius,32,1
turtles4677,latvian,vilnius,14,0
turtles4677,latvian,vilnius,0,0
turtles4687,spanish,paris,9,0
turtles4687,spanish,paris,8,0
turtles4692,czech,amsterdam,19,1
turtles4692,czech,amsterdam,19,1
turtles4692,czech,amsterdam,15,1
turtles4697,bulgarian,valletta,30,0
turtles4697,bulgarian,valletta,4,0
turtles4702,cypriot,amsterdam,14,1
turtles4702,cypriot,amsterdam,11,1
turtles4707,maltese,paris,37,0
turtles4707,maltese,paris,26,1
turtles4707,maltese,paris,7,1
turtles4712,austrian,amsterdam,41,1
turtles4712,dutch,amsterdam,25,1
turtles4712,austrian,amsterdam,21,0
turtles4717,luxembourgish,sofia,21,0
turtles4717,luxembourgish,sofia,20,0
turtles4717,luxembourgish,sofia,3,1
turtles4732,bulgarian,sofia,34,1
turtles4732,bulgarian,sofia,19,0
turtles4737,bulgarian,sofia,42,0
turtles4737,bulgarian,sofia,20,1
turtles4742,irish,madrid,36,0
turtles4742,irish,madrid,31,0
turtles4747,belgian,paris,41,0
turtles4747,belgian,paris,22,1
turtles4747,belgian,paris,4,1
turtles4752,austrian,copenhagen,20,0
turtles4752,austrian,copenhagen,19,1
turtles4752,austrian,copenhagen,6,0
turtles4757,estonian,valletta,37,0
turtles4757,estonian,valletta,32,1
turtles4757,estonian,valletta,29,0
turtles4762,greek,amsterdam,30,1
turtles4762,greek,amsterdam,21,1
turtles4767,portuguese,vienna,35,1
turtles4767,portuguese,vienna,13,1
turtles4777,polish,valletta,14,1
turtles4777,polish,valletta,14,1
turtles4787,austrian,copenhagen,23,1
turtles4787,austrian,copenhagen,22,1
turtles4787,austrian,copenhagen,11,0
turtles4792,belgian,paris,30,1
turtles4792,belgian,paris,26,1
turtles4792,belgian,paris,14,0
turtles4797,finnish,copenhagen,43,0
turtles4797,finnish,copenhagen,38,1
turtles4273,dutch,vilnius,39,0
turtles4273,dutch,vilnius,29,0
turtles4273,dutch,vilnius,10,0
turtles4278,maltese,madrid,23,0
turtles4278,maltese,madrid,18,1
turtles4283,polish,sofia,22,0
turtles4283,polish,sofia,13,1
turtles4283,polish,sofia,6,0
turtles4288,romanian,rome,42,0
turtles4288,romanian,amsterdam,27,0
turtles4293,cypriot,vilnius,37,0
turtles4293,cypriot,vilnius,23,0
turtles4293,cypriot,vilnius,20,1
turtles4298,dutch,madrid,33,1
turtles4298,dutch,madrid,29,1
turtles4298,dutch,madrid,7,0
turtles4303,greek,amsterdam,43,1
turtles4303,greek,amsterdam,33,1
turtles4303,greek,amsterdam,28,0
turtles4308,estonian,copenhagen,23,1
turtles4308,estonian,copenhagen,16,1
turtles4313,spanish,valletta,41,1
turtles4313,spanish,valletta,35,0
turtles4313,spanish,valletta,18,0
turtles4328,finnish,amsterdam,37,0
turtles4328,finnish,amsterdam,25,1
turtles4338,estonian,copenhagen,39,1
turtles4338,estonian,copenhagen,2,1
turtles4343,austrian,sofia,24,1
turtles4343,austrian,sofia,23,1
turtles4343,austrian,sofia,21,0
turtles4348,estonian,amsterdam,31,0
turtles4348,estonian,amsterdam,28,1
turtles4358,portuguese,rome,32,1
turtles4358,portuguese,rome,2,0
turtles4368,bulgarian,amsterdam,39,1
turtles4368,bulgarian,amsterdam,5,1
turtles4378,dutch,amsterdam,35,0
turtles4378,dutch,amsterdam,17,0
turtles4383,greek,rome,35,0
turtles4383,greek,rome,8,0
turtles4388,maltese,valletta,31,0
turtles4388,maltese,valletta,14,1
turtles4393,swedish,vilnius,43,1
turtles4393,swedish,vilnius,21,1
turtles4393,swedish,vilnius,9,0
turtles4403,lithuanian,valletta,41,1
turtles4403,lithuanian,valletta,30,0
turtles4403,lithuanian,valletta,29,1
turtles4408,portuguese,madrid,40,0
turtles4408,portuguese,madrid,11,0
turtles4408,portuguese,madrid,6,0
turtles4423,maltese,paris,17,0
turtles4423,maltese,paris,2,0
turtles4443,croatian,sofia,35,1
turtles4443,croatian,sofia,0,1
turtles4453,finnish,rome,41,1
turtles4453,finnish,rome,20,1
turtles4458,french,sofia,43,1
turtles4458,french,sofia,23,0
turtles4463,italian,paris,42,1
turtles4463,italian,paris,20,1
turtles4463,italian,paris,20,1
turtles4478,irish,valletta,34,1
turtles4478,irish,valletta,20,1
turtles4488,portuguese,sofia,34,0
turtles4488,portuguese,sofia,34,1
turtles4488,portuguese,sofia,1,0
turtles4493,italian,amsterdam,42,1
turtles4493,italian,amsterdam,2,0
turtles4513,spanish,vilnius,24,0
turtles4513,spanish,vilnius,16,1
turtles4513,spanish,vilnius,9,1
turtles4523,cypriot,sofia,34,0
turtles4523,cypriot,sofia,10,1
turtles4523,cypriot,sofia,0,1
turtles4538,luxembourgish,paris,24,1
turtles4538,luxembourgish,paris,7,0
turtles4543,latvian,copenhagen,36,1
turtles4543,latvian,copenhagen,27,1
turtles4543,latvian,copenhagen,15,0
turtles4568,swedish,amsterdam,9,0
turtles4568,swedish,rome,9,1
turtles4568,swedish,rome,2,1
turtles4573,italian,rome,35,0
turtles4573,italian,rome,13,0
turtles4578,polish,vilnius,41,1
turtles4578,polish,vilnius,18,0
turtles4598,lithuanian,paris,15,1
turtles4598,lithuanian,sofia,13,1
turtles4603,latvian,madrid,21,1
turtles4603,latvian,madrid,10,1
turtles4608,cypriot,paris,38,0
turtles4608,cypriot,paris,29,1
turtles4618,romanian,valletta,38,0
turtles4618,romanian,valletta,32,1
turtles4618,romanian,valletta,0,1
turtles4628,french,vilnius,38,0
turtles4628,french,vilnius,5,1
turtles4628,french,vilnius,1,0
turtles4633,cypriot,copenhagen,38,0
turtles4633,cypriot,copenhagen,31,1
turtles4633,cypriot,copenhagen,27,0
turtles4648,dutch,sofia,29,1
turtles4648,dutch,sofia,3,1
turtles4648,dutch,sofia,2,0
turtles4653,portuguese,paris,26,0
turtles4653,portuguese,paris,16,0
turtles4653,portuguese,paris,3,1
turtles4663,croatian,rome,17,0
turtles4663,croatian,rome,7,0
turtles4668,finnish,vilnius,43,0
turtles4668,finnish,vilnius,39,1
turtles4673,polish,paris,35,1
turtles4673,polish,paris,33,1
turtles4683,cypriot,paris,37,1
turtles4683,cypriot,paris,32,1
turtles4688,austrian,sofia,33,0
turtles4688,austrian,sofia,33,0
turtles4688,austrian,sofia,21,1
turtles4693,danish,valletta,41,0
turtles4693,danish,valletta,18,1
turtles4698,croatian,copenhagen,43,0
turtles4698,croatian,copenhagen,1,1
turtles4708,estonian,copenhagen,30,1
turtles4708,estonian,copenhagen,28,1
turtles4708,estonian,copenhagen,8,1
turtles4718,french,valletta,27,0
turtles4718,french,valletta,22,1
turtles4718,french,valletta,7,0
turtles4723,romanian,madrid,17,1
turtles4723,romanian,madrid,3,1
turtles4733,greek,madrid,24,1
turtles4733,greek,madrid,15,0
turtles4733,greek,madrid,13,1
turtles4738,bulgarian,vienna,29,1
turtles4738,bulgarian,vienna,20,1
turtles4738,bulgarian,vienna,9,0
turtles4743,czech,sofia,26,0
turtles4743,czech,sofia,16,0
turtles4743,czech,sofia,9,1
turtles4748,greek,sofia,43,1
turtles4748,greek,sofia,42,0
turtles4753,cypriot,valletta,29,1
turtles4753,cypriot,valletta,6,0
turtles4758,lithuanian,valletta,22,0
turtles4758,lithuanian,valletta,3,1
turtles4758,lithuanian,valletta,1,1
turtles4763,lithuanian,valletta,39,1
turtles4763,lithuanian,valletta,31,0
turtles4763,lithuanian,valletta,24,0
turtles4768,swedish,amsterdam,18,1
turtles4768,swedish,amsterdam,6,0
turtles4768,swedish,amsterdam,0,1
turtles4778,latvian,madrid,25,0
turtles4778,latvian,madrid,11,1
turtles4778,latvian,madrid,2,1
turtles4788,italian,amsterdam,21,0
turtles4788,italian,amsterdam,14,1
turtles4793,polish,amsterdam,43,1
turtles4793,polish,amsterdam,28,0
turtles4798,german,madrid,27,1
turtles4798,german,madrid,9,1
turtles4798,german,madrid,5,1
turtles4274,portuguese,rome,19,1
turtles4274,portuguese,rome,12,0
turtles4274,portuguese,rome,9,0
turtles4279,french,madrid,34,1
turtles4279,french,madrid,25,1
turtles4284,french,vienna,40,1
turtles4284,french,vienna,3,0
turtles4294,croatian,vilnius,43,1
turtles4294,croatian,vilnius,22,1
turtles4294,croatian,vilnius,3,1
turtles4309,latvian,paris,31,1
turtles4309,latvian,paris,7,0
turtles4314,polish,valletta,16,0
turtles4314,polish,valletta,15,1
turtles4314,polish,valletta,2,1
turtles4319,dutch,copenhagen,15,1
turtles4319,dutch,copenhagen,1,0
turtles4334,maltese,rome,32,0
turtles4334,maltese,rome,22,0
turtles4344,polish,sofia,26,0
turtles4344,polish,sofia,25,1
turtles4344,polish,sofia,8,1
turtles4349,latvian,vienna,42,1
turtles4349,latvian,vienna,8,1
turtles4354,latvian,copenhagen,36,1
turtles4354,latvian,copenhagen,11,0
turtles4359,swedish,copenhagen,23,1
turtles4359,swedish,copenhagen,6,1
turtles4359,swedish,copenhagen,0,1
turtles4364,croatian,vienna,17,0
turtles4364,croatian,vienna,15,0
turtles4364,croatian,vienna,1,1
turtles4374,slovene,vilnius,39,1
turtles4374,slovene,vilnius,38,0
turtles4374,slovene,vilnius,29,0
turtles4384,lithuanian,vilnius,20,0
turtles4384,lithuanian,vilnius,8,1
turtles4384,lithuanian,vilnius,4,0
turtles4394,czech,copenhagen,31,1
turtles4394,czech,copenhagen,11,1
turtles4394,czech,copenhagen,4,1
turtles4399,hungarian,amsterdam,40,0
turtles4399,hungarian,amsterdam,7,1
turtles4409,estonian,valletta,32,1
turtles4409,estonian,valletta,25,1
turtles4409,estonian,valletta,4,0
turtles4424,slovene,paris,16,1
turtles4424,slovene,paris,3,0
turtles4429,maltese,madrid,40,1
turtles4429,maltese,madrid,29,1
turtles4429,maltese,madrid,21,1
turtles4439,estonian,rome,42,0
turtles4439,estonian,rome,29,1
turtles4439,estonian,rome,20,1
turtles4444,irish,amsterdam,19,0
turtles4444,irish,amsterdam,17,0
turtles4449,spanish,vilnius,5,1
turtles4449,spanish,vilnius,1,1
turtles4464,latvian,vilnius,33,1
turtles4464,latvian,vilnius,27,0
turtles4469,finnish,amsterdam,33,1
turtles4469,finnish,amsterdam,17,1
turtles4469,finnish,amsterdam,14,0
turtles4474,bulgarian,vilnius,28,0
turtles4474,bulgarian,vilnius,7,0
turtles4479,swedish,madrid,29,0
turtles4479,spanish,madrid,2,1
turtles4484,luxembourgish,vienna,38,1
turtles4484,luxembourgish,vienna,3,0
turtles4494,swedish,amsterdam,40,1
turtles4494,swedish,amsterdam,20,1
turtles4494,swedish,amsterdam,7,0
turtles4499,dutch,vienna,28,1
turtles4499,dutch,vienna,2,1
turtles4499,dutch,vienna,1,1
turtles4504,portuguese,vilnius,16,1
turtles4504,portuguese,vilnius,7,0
turtles4509,maltese,vienna,27,1
turtles4509,maltese,vienna,11,1
turtles4509,maltese,vienna,1,1
turtles4519,maltese,vienna,24,0
turtles4519,maltese,vienna,16,1
turtles4519,maltese,vienna,0,0
turtles4529,irish,sofia,43,1
turtles4529,irish,sofia,40,1
turtles4539,maltese,rome,35,0
turtles4539,maltese,rome,30,1
turtles4539,maltese,rome,11,0
turtles4549,italian,vienna,42,1
turtles4549,italian,vienna,9,1
turtles4549,italian,vienna,3,1
turtles4554,slovene,sofia,43,1
turtles4554,slovene,sofia,23,1
turtles4559,irish,amsterdam,40,0
turtles4559,irish,amsterdam,32,0
turtles4559,irish,amsterdam,28,0
turtles4564,austrian,amsterdam,15,0
turtles4564,dutch,amsterdam,14,0
turtles4574,croatian,madrid,32,1
turtles4574,croatian,madrid,5,0
turtles4579,croatian,copenhagen,11,0
turtles4579,croatian,copenhagen,4,1
turtles4579,croatian,copenhagen,0,1
turtles4584,lithuanian,valletta,26,0
turtles4584,lithuanian,valletta,14,1
turtles4594,portuguese,madrid,24,0
turtles4594,portuguese,madrid,17,1
turtles4609,french,paris,38,1
turtles4609,french,paris,14,0
turtles4619,latvian,amsterdam,12,0
turtles4619,latvian,amsterdam,11,1
turtles4619,latvian,amsterdam,5,0
turtles4624,polish,copenhagen,42,0
turtles4624,polish,copenhagen,12,0
turtles4629,austrian,copenhagen,22,0
turtles4629,austrian,copenhagen,22,0
turtles4629,austrian,copenhagen,14,1
turtles4634,italian,madrid,2,0
turtles4634,italian,madrid,1,0
turtles4639,greek,vilnius,35,1
turtles4639,greek,vilnius,29,0
turtles4644,bulgarian,vilnius,41,1
turtles4644,bulgarian,vilnius,38,1
turtles4649,polish,sofia,26,0
turtles4649,bulgarian,sofia,8,1
turtles4664,german,vilnius,43,0
turtles4664,german,vilnius,10,1
turtles4669,austrian,sofia,22,1
turtles4669,austrian,sofia,20,1
turtles4674,estonian,sofia,32,0
turtles4674,estonian,madrid,31,0
turtles4684,czech,amsterdam,39,0
turtles4684,czech,amsterdam,24,0
turtles4684,dutch,amsterdam,14,1
turtles4689,german,paris,18,0
turtles4689,german,paris,8,1
turtles4689,german,paris,0,1
turtles4694,slovakian,vienna,36,0
turtles4694,slovakian,vienna,24,0
turtles4704,latvian,madrid,14,1
turtles4704,latvian,madrid,14,0
turtles4704,latvian,madrid,13,0
turtles4709,hungarian,amsterdam,18,1
turtles4709,hungarian,amsterdam,14,0
turtles4714,slovene,rome,40,1
turtles4714,slovene,rome,27,1
turtles4724,greek,copenhagen,38,1
turtles4724,greek,copenhagen,29,0
turtles4724,greek,copenhagen,25,1
turtles4734,estonian,vienna,17,0
turtles4734,estonian,vienna,10,1
turtles4744,slovene,vilnius,21,1
turtles4744,slovene,vilnius,20,0
turtles4744,slovene,vilnius,18,0
turtles4749,portuguese,vilnius,6,0
turtles4749,portuguese,vilnius,1,0
turtles4764,slovene,valletta,32,0
turtles4764,slovene,vienna,7,1
turtles4769,spanish,madrid,37,0
turtles4769,spanish,madrid,33,1
turtles4769,spanish,madrid,23,1
turtles4774,greek,paris,42,1
turtles4774,greek,paris,41,1
turtles4774,greek,paris,25,1
turtles4779,lithuanian,copenhagen,43,0
turtles4779,lithuanian,copenhagen,18,1
turtles4799,austrian,amsterdam,29,0
turtles4799,austrian,amsterdam,20,0
turtles4799,austrian,amsterdam,8,1
turtles4310,french,sofia,37,0
turtles4310,french,sofia,13,0
turtles4315,portuguese,paris,25,0
turtles4315,portuguese,paris,7,0
turtles4320,slovakian,valletta,24,1
turtles4320,slovakian,valletta,20,1
turtles4320,slovakian,valletta,8,0
turtles4330,latvian,amsterdam,32,1
turtles4330,latvian,amsterdam,16,1
turtles4330,latvian,amsterdam,1,0
turtles4335,belgian,vienna,33,1
turtles4335,belgian,vienna,30,0
turtles4335,belgian,vienna,14,1
turtles4340,finnish,vienna,40,1
turtles4340,finnish,vienna,11,1
turtles4340,finnish,vienna,0,0
turtles4345,finnish,vienna,40,1
turtles4345,finnish,vienna,28,0
turtles4350,portuguese,copenhagen,39,0
turtles4350,portuguese,copenhagen,39,0
turtles4355,irish,rome,39,1
turtles4355,irish,rome,29,1
turtles4355,irish,rome,28,0
turtles4360,lithuanian,amsterdam,39,0
turtles4360,lithuanian,amsterdam,35,0
turtles4360,lithuanian,amsterdam,24,1
turtles4365,polish,rome,22,0
turtles4365,polish,rome,8,0
turtles4370,hungarian,sofia,19,0
turtles4370,hungarian,sofia,9,1
turtles4375,cypriot,vilnius,33,0
turtles4375,cypriot,vilnius,16,0
turtles4380,polish,copenhagen,39,0
turtles4380,polish,copenhagen,31,1
turtles4380,polish,copenhagen,17,1
turtles4385,lithuanian,copenhagen,2,1
turtles4385,lithuanian,copenhagen,0,1
turtles4390,italian,amsterdam,19,1
turtles4390,italian,amsterdam,8,1
turtles4395,lithuanian,valletta,37,1
turtles4395,lithuanian,valletta,6,0
turtles4400,cypriot,madrid,39,1
turtles4400,cypriot,madrid,31,1
turtles4400,cypriot,madrid,12,1
turtles4410,spanish,vienna,30,1
turtles4410,spanish,vienna,19,1
turtles4415,portuguese,vienna,33,1
turtles4415,portuguese,vienna,27,1
turtles4415,portuguese,vienna,0,1
turtles4420,romanian,amsterdam,40,1
turtles4420,romanian,amsterdam,17,1
turtles4435,bulgarian,amsterdam,18,1
turtles4435,bulgarian,amsterdam,7,0
turtles4445,bulgarian,valletta,22,0
turtles4445,bulgarian,valletta,8,0
turtles4445,bulgarian,valletta,0,0
turtles4455,swedish,valletta,38,1
turtles4455,swedish,valletta,17,1
turtles4455,swedish,valletta,0,1
turtles4470,portuguese,valletta,18,1
turtles4470,portuguese,valletta,12,0
turtles4475,danish,paris,38,0
turtles4475,danish,paris,24,1
turtles4475,danish,paris,15,0
turtles4485,austrian,sofia,42,0
turtles4485,german,sofia,41,0
turtles4485,german,sofia,17,1
turtles4490,lithuanian,madrid,36,0
turtles4490,lithuanian,madrid,8,0
turtles4495,slovene,valletta,32,0
turtles4495,slovene,valletta,32,1
turtles4500,danish,madrid,23,0
turtles4500,danish,madrid,12,0
turtles4510,lithuanian,amsterdam,36,0
turtles4510,lithuanian,amsterdam,32,1
turtles4510,lithuanian,amsterdam,6,1
turtles4515,hungarian,rome,36,0
turtles4515,hungarian,rome,28,1
turtles4515,italian,rome,23,0
turtles4520,cypriot,sofia,32,0
turtles4520,cypriot,sofia,10,1
turtles4520,cypriot,sofia,2,1
turtles4525,danish,madrid,15,1
turtles4525,danish,madrid,15,1
turtles4525,danish,madrid,0,0
turtles4535,italian,amsterdam,31,0
turtles4535,italian,amsterdam,19,1
turtles4535,italian,amsterdam,10,0
turtles4540,croatian,madrid,29,0
turtles4540,croatian,madrid,12,0
turtles4545,croatian,valletta,13,0
turtles4545,croatian,valletta,2,0
turtles4545,croatian,valletta,0,0
turtles4550,slovakian,vienna,8,0
turtles4550,slovakian,vienna,6,1
turtles4555,danish,amsterdam,40,0
turtles4555,danish,amsterdam,10,0
turtles4555,danish,amsterdam,8,1
turtles4560,latvian,vienna,30,0
turtles4560,latvian,vienna,23,0
turtles4565,portuguese,paris,39,0
turtles4565,portuguese,paris,37,0
turtles4570,german,madrid,32,0
turtles4570,german,madrid,0,0
turtles4575,danish,copenhagen,11,1
turtles4575,austrian,copenhagen,0,0
turtles4580,german,vilnius,38,0
turtles4580,austrian,vilnius,26,1
turtles4580,austrian,vilnius,0,1
turtles4585,hungarian,vienna,21,0
turtles4585,hungarian,vienna,13,0
turtles4595,irish,vienna,42,1
turtles4595,irish,vienna,16,0
turtles4600,hungarian,paris,31,1
turtles4600,hungarian,sofia,22,1
turtles4600,hungarian,paris,20,1
turtles4605,cypriot,madrid,37,1
turtles4605,cypriot,madrid,21,1
turtles4610,danish,vilnius,21,1
turtles4610,danish,vilnius,19,1
turtles4610,danish,vilnius,1,0
turtles4615,cypriot,vienna,43,0
turtles4615,cypriot,vienna,30,1
turtles4620,hungarian,madrid,18,1
turtles4620,hungarian,madrid,12,0
turtles4620,hungarian,madrid,2,1
turtles4625,luxembourgish,vilnius,24,1
turtles4625,luxembourgish,vilnius,10,1
turtles4630,spanish,rome,43,1
turtles4630,spanish,rome,13,0
turtles4640,belgian,copenhagen,35,1
turtles4640,belgian,copenhagen,6,1
turtles4640,belgian,copenhagen,2,0
turtles4645,czech,madrid,40,1
turtles4645,czech,madrid,14,1
turtles4650,bulgarian,sofia,43,1
turtles4650,bulgarian,sofia,42,0
turtles4655,slovene,copenhagen,14,1
turtles4655,slovene,copenhagen,10,1
turtles4660,luxembourgish,amsterdam,32,0
turtles4660,luxembourgish,amsterdam,27,1
turtles4665,czech,copenhagen,34,0
turtles4665,czech,copenhagen,30,0
turtles4665,czech,copenhagen,19,0
turtles4670,spanish,amsterdam,42,0
turtles4670,spanish,amsterdam,17,0
turtles4680,croatian,vilnius,30,1
turtles4680,croatian,vilnius,25,0
turtles4695,romanian,valletta,16,0
turtles4695,romanian,valletta,15,1
turtles4715,bulgarian,paris,28,1
turtles4715,bulgarian,paris,3,0
turtles4720,finnish,vienna,36,0
turtles4720,finnish,vienna,11,0
turtles4720,finnish,vienna,8,1
turtles4750,croatian,sofia,27,1
turtles4750,croatian,sofia,5,0
turtles4755,latvian,rome,39,1
turtles4755,latvian,rome,19,1
turtles4765,french,paris,33,0
turtles4765,belgian,paris,22,0
turtles4770,lithuanian,vilnius,12,1
turtles4770,lithuanian,vilnius,4,1
turtles4770,lithuanian,vilnius,1,0
turtles4780,slovene,vilnius,25,0
turtles4780,slovene,vilnius,7,1
turtles4785,french,paris,42,0
turtles4785,irish,paris,27,1
turtles4785,irish,paris,3,0
turtles4790,irish,paris,37,1
turtles4790,irish,paris,22,0
turtles4790,irish,paris,4,1
turtles4795,maltese,paris,20,1
turtles4795,maltese,paris,17,0
turtles4795,maltese,paris,7,1
turtles4781,german,amsterdam,41,1
turtles4781,german,amsterdam,35,1
turtles4781,german,amsterdam,10,1
turtles4786,latvian,paris,42,0
turtles4786,latvian,paris,19,1
turtles4791,bulgarian,rome,35,1
turtles4791,bulgarian,rome,35,0
turtles4791,bulgarian,rome,17,0
turtles4796,slovakian,sofia,43,1
turtles4796,slovakian,sofia,41,0
turtles4796,slovakian,sofia,28,1
turtles4156,dutch,amsterdam,36,1
turtles4111,belgian,madrid,6,0
turtles4151,latvian,sofia,43,1
turtles4589,latvian,sofia,43,1
turtles4161,slovakian,paris,2,0
turtles4102,irish,vienna,28,0
turtles4107,latvian,vilnius,18,0
turtles4117,finnish,amsterdam,13,0
turtles4137,latvian,valletta,37,1
turtles4157,czech,amsterdam,19,1
turtles4167,finnish,copenhagen,43,1
turtles4192,slovene,sofia,1,0
turtles4197,bulgarian,sofia,14,0
turtles4217,italian,paris,43,0
turtles4232,austrian,copenhagen,14,0
turtles4247,bulgarian,rome,28,1
turtles4103,estonian,vilnius,22,0
turtles4118,slovene,rome,14,1
turtles4123,belgian,sofia,4,0
turtles4138,luxembourgish,valletta,14,0
turtles4153,austrian,sofia,29,0
turtles4158,danish,rome,9,0
turtles4168,lithuanian,paris,24,0
turtles4173,swedish,amsterdam,16,1
turtles4178,romanian,valletta,4,1
turtles4193,cypriot,rome,33,0
turtles4238,hungarian,vilnius,30,1
turtles4243,romanian,copenhagen,10,0
turtles4268,belgian,sofia,35,1
turtles4129,austrian,rome,34,0
turtles4134,irish,copenhagen,6,0
turtles4169,hungarian,paris,41,0
turtles4179,portuguese,copenhagen,17,1
turtles4184,croatian,paris,39,1
turtles4194,belgian,rome,4,0
turtles4214,belgian,copenhagen,8,0
turtles4234,maltese,amsterdam,20,1
turtles4254,irish,sofia,39,0
turtles4259,german,madrid,24,0
turtles4264,finnish,madrid,22,1
turtles4269,slovene,madrid,14,1
turtles4105,belgian,valletta,29,1
turtles4120,swedish,amsterdam,41,1
turtles4140,slovene,valletta,14,1
turtles4145,danish,amsterdam,16,0
turtles4150,portuguese,amsterdam,6,1
turtles4155,french,sofia,27,1
turtles4160,maltese,vienna,36,1
turtles4170,slovakian,madrid,39,1
turtles4180,czech,amsterdam,22,1
turtles4185,german,paris,18,0
turtles4200,romanian,valletta,3,0
turtles4205,danish,amsterdam,38,0
turtles4250,belgian,valletta,21,1
turtles4255,hungarian,copenhagen,26,1
turtles4275,cypriot,madrid,38,0
turtles4280,hungarian,rome,4,0
turtles4285,belgian,copenhagen,28,1
turtles4305,belgian,madrid,40,0
turtles4166,slovakian,madrid,2,1
turtles4171,czech,sofia,9,1
turtles4191,romanian,sofia,15,1
turtles4196,belgian,sofia,42,0
turtles4236,romanian,rome,37,1
turtles4251,hungarian,amsterdam,12,1
turtles4271,maltese,paris,39,1
turtles4281,czech,rome,13,0
turtles4296,cypriot,valletta,18,1
turtles4306,polish,valletta,29,0
turtles4311,greek,amsterdam,28,0
turtles4321,lithuanian,rome,1,0
turtles4331,austrian,paris,16,0
turtles4381,croatian,paris,33,1
turtles4426,german,paris,36,0
turtles4441,luxembourgish,madrid,0,1
turtles4451,luxembourgish,madrid,24,1
turtles4461,czech,amsterdam,28,1
turtles4491,slovene,paris,23,1
turtles4506,portuguese,valletta,41,0
turtles4526,cypriot,valletta,23,1
turtles4531,austrian,paris,21,0
turtles4576,austrian,vilnius,43,0
turtles4586,luxembourgish,valletta,5,1
turtles4601,croatian,sofia,29,1
turtles4606,czech,copenhagen,34,1
turtles4621,danish,sofia,22,1
turtles4666,portuguese,sofia,18,1
turtles4671,bulgarian,paris,21,1
turtles4681,belgian,paris,36,1
turtles4686,slovakian,vilnius,14,1
turtles4701,portuguese,copenhagen,12,0
turtles4706,portuguese,copenhagen,33,0
turtles4716,polish,amsterdam,12,1
turtles4721,bulgarian,vienna,13,1
turtles4726,bulgarian,vilnius,26,0
turtles4751,danish,vilnius,7,1
turtles4756,italian,rome,38,1
turtles4282,cypriot,paris,8,1
turtles4297,czech,madrid,40,0
turtles4302,finnish,amsterdam,15,1
turtles4312,romanian,amsterdam,9,1
turtles4317,maltese,copenhagen,3,0
turtles4332,dutch,paris,12,1
turtles4347,maltese,rome,34,1
turtles4352,lithuanian,sofia,39,1
turtles4357,romanian,copenhagen,11,0
turtles4362,slovakian,sofia,30,0
turtles4377,dutch,vienna,8,0
turtles4382,slovakian,vienna,17,0
turtles4417,belgian,amsterdam,35,1
turtles4452,austrian,paris,43,1
turtles4467,dutch,valletta,31,1
turtles4482,irish,copenhagen,8,1
turtles4502,czech,valletta,34,1
turtles4507,maltese,copenhagen,36,0
turtles4512,spanish,rome,10,1
turtles4547,finnish,sofia,0,0
turtles4557,dutch,amsterdam,19,0
turtles4592,latvian,amsterdam,18,1
turtles4682,bulgarian,paris,41,0
turtles4722,slovene,paris,42,1
turtles4727,bulgarian,sofia,14,1
turtles4782,spanish,rome,25,1
turtles4318,lithuanian,amsterdam,14,1
turtles4323,luxembourgish,rome,31,1
turtles4333,slovakian,madrid,32,0
turtles4353,slovakian,amsterdam,23,0
turtles4363,german,copenhagen,40,0
turtles4373,irish,copenhagen,28,1
turtles4398,lithuanian,sofia,43,1
turtles4413,slovakian,madrid,20,0
turtles4418,slovene,vienna,34,1
turtles4428,bulgarian,paris,24,1
turtles4433,lithuanian,vilnius,24,0
turtles4438,slovakian,copenhagen,5,1
turtles4448,dutch,copenhagen,28,1
turtles4473,bulgarian,copenhagen,27,1
turtles4483,portuguese,vienna,12,1
turtles4498,german,amsterdam,1,0
turtles4503,french,rome,35,1
turtles4508,austrian,valletta,40,0
turtles4518,swedish,paris,42,1
turtles4528,swedish,vienna,27,1
turtles4533,latvian,amsterdam,3,0
turtles4548,lithuanian,vilnius,11,0
turtles4553,portuguese,madrid,21,0
turtles4558,italian,amsterdam,10,1
turtles4588,slovene,vienna,10,1
turtles4593,belgian,amsterdam,39,1
turtles4613,cypriot,sofia,32,0
turtles4623,croatian,madrid,3,1
turtles4638,italian,amsterdam,34,0
turtles4643,slovene,amsterdam,11,0
turtles4658,swedish,paris,26,1
turtles4678,estonian,rome,40,1
turtles4703,greek,rome,17,1
turtles4713,swedish,amsterdam,29,1
turtles4728,luxembourgish,vilnius,18,1
turtles4773,polish,vienna,34,1
turtles4783,maltese,valletta,29,1
turtles4299,estonian,copenhagen,30,0
turtles4324,greek,valletta,11,1
turtles4329,finnish,valletta,11,0
turtles4339,slovene,valletta,11,1
turtles4369,irish,madrid,20,0
turtles4379,slovene,vilnius,2,0
turtles4389,belgian,vilnius,4,1
turtles4404,maltese,rome,36,0
turtles4414,portuguese,sofia,31,0
turtles4419,german,sofia,20,0
turtles4434,dutch,vienna,42,1
turtles4454,bulgarian,copenhagen,11,0
turtles4459,romanian,vienna,32,1
turtles4489,romanian,paris,43,0
turtles4524,croatian,vilnius,7,0
turtles4534,french,vilnius,17,0
turtles4544,luxembourgish,vienna,27,0
turtles4569,maltese,amsterdam,30,0
turtles4599,italian,vienna,5,0
turtles4604,german,madrid,36,0
turtles4654,latvian,vienna,19,0
turtles4659,czech,rome,5,0
turtles4679,austrian,copenhagen,16,1
turtles4699,italian,vienna,42,0
turtles4719,cypriot,vilnius,29,0
turtles4739,austrian,amsterdam,40,0
turtles4754,slovakian,madrid,43,0
turtles4759,latvian,vilnius,19,0
turtles4784,slovene,copenhagen,36,0
turtles4789,spanish,sofia,24,1
turtles4794,latvian,rome,24,0
turtles4325,bulgarian,valletta,9,0
turtles4405,danish,copenhagen,41,0
turtles4425,romanian,sofia,28,1
turtles4430,belgian,paris,0,1
turtles4440,greek,copenhagen,22,1
turtles4450,swedish,rome,40,1
turtles4460,slovakian,vienna,16,0
turtles4505,french,paris,31,0
turtles4530,hungarian,sofia,4,0
turtles4590,bulgarian,copenhagen,20,0
turtles4635,cypriot,rome,26,0
turtles4675,portuguese,rome,22,0
turtles4685,latvian,sofia,40,0
turtles4690,czech,amsterdam,38,1
turtles4700,lithuanian,rome,43,0
turtles4705,czech,valletta,16,1
turtles4725,polish,copenhagen,21,1
turtles4730,bulgarian,madrid,27,1
turtles4735,bulgarian,amsterdam,2,0
turtles4740,luxembourgish,valletta,36,0
turtles4745,irish,madrid,30,0
turtles4760,bulgarian,valletta,1,1
turtles4775,austrian,paris,23,0
turtles4766,slovakian,rome,39,0
turtles4776,belgian,vienna,34,1
